customer_id,customer_state
cust_00000,MG
cust_00001,SP
cust_00002,RS
cust_00003,PR
cust_00004,RJ
cust_00005,PE
cust_00006,PE
cust_00007,SC
cust_00008,RS
cust_00009,SP
cust_00010,PE
cust_00011,RS
cust_00012,SC
cust_00013,RS
cust_00014,MG
cust_00015,SC
cust_00016,RS
cust_00017,PR
cust_00018,DF
cust_00019,MG
cust_00020,PR
cust_00021,RS
cust_00022,RJ
cust_00023,PR
cust_00024,BA
cust_00025,RS
cust_00026,RS
cust_00027,BA
cust_00028,PR
cust_00029,SC
cust_00030,MG
cust_00031,PR
cust_00032,SP
cust_00033,SC
cust_00034,SC
cust_00035,RJ
cust_00036,PR
cust_00037,BA
cust_00038,PR
cust_00039,DF
cust_00040,DF
cust_00041,RJ
cust_00042,MG
cust_00043,RS
cust_00044,SC
cust_00045,SC
cust_00046,GO
cust_00047,RS
cust_00048,PR
cust_00049,PR
cust_00050,PE
cust_00051,PR
cust_00052,SC
cust_00053,SP
cust_00054,RS
cust_00055,PR
cust_00056,DF
cust_00057,RJ
cust_00058,RS
cust_00059,BA
cust_00060,PR
cust_00061,RS
cust_00062,BA
cust_00063,SP
cust_00064,SC
cust_00065,GO
cust_00066,SC
cust_00067,PE
cust_00068,BA
cust_00069,BA
cust_00070,BA
cust_00071,DF
cust_00072,SC
cust_00073,MG
cust_00074,SC
cust_00075,PR
cust_00076,RJ
cust_00077,DF
cust_00078,PE
cust_00079,RS
cust_00080,DF
cust_00081,RS
cust_00082,MG
cust_00083,MG
cust_00084,MG
cust_00085,BA
cust_00086,DF
cust_00087,SC
cust_00088,PR
cust_00089,GO
cust_00090,BA
cust_00091,RJ
cust_00092,PR
cust_00093,BA
cust_00094,SC
cust_00095,SP
cust_00096,RS
cust_00097,DF
cust_00098,PE
cust_00099,PE
cust_00100,SC
cust_00101,SC
cust_00102,PR
cust_00103,MG
cust_00104,SC
cust_00105,GO
cust_00106,DF
cust_00107,RS
cust_00108,GO
cust_00109,RS
cust_00110,SP
cust_00111,MG
cust_00112,RS
cust_00113,DF
cust_00114,RJ
cust_00115,PR
cust_00116,DF
cust_00117,MG
cust_00118,MG
cust_00119,BA
cust_00120,PE
cust_00121,MG
cust_00122,BA
cust_00123,BA
cust_00124,PE
cust_00125,SC
cust_00126,BA
cust_00127,RS
cust_00128,MG
cust_00129,PR
cust_00130,PR
cust_00131,SC
cust_00132,RJ
cust_00133,GO
cust_00134,MG
cust_00135,MG
cust_00136,RJ
cust_00137,MG
cust_00138,GO
cust_00139,GO
cust_00140,MG
cust_00141,MG
cust_00142,RJ
cust_00143,RS
cust_00144,MG
cust_00145,SP
cust_00146,MG
cust_00147,MG
cust_00148,RJ
cust_00149,RS
cust_00150,BA
cust_00151,DF
cust_00152,BA
cust_00153,PE
cust_00154,SC
cust_00155,BA
cust_00156,GO
cust_00157,GO
cust_00158,SP
cust_00159,SC
cust_00160,BA
cust_00161,DF
cust_00162,SC
cust_00163,MG
cust_00164,PE
cust_00165,DF
cust_00166,RS
cust_00167,RS
cust_00168,PR
cust_00169,BA
cust_00170,RS
cust_00171,BA
cust_00172,RS
cust_00173,PR
cust_00174,BA
cust_00175,MG
cust_00176,MG
cust_00177,MG
cust_00178,GO
cust_00179,BA
cust_00180,DF
cust_00181,MG
cust_00182,PR
cust_00183,PR
cust_00184,DF
cust_00185,BA
cust_00186,PR
cust_00187,SC
cust_00188,SP
cust_00189,RS
cust_00190,DF
cust_00191,MG
cust_00192,RS
cust_00193,PR
cust_00194,SP
cust_00195,PR
cust_00196,RJ
cust_00197,PE
cust_00198,PE
cust_00199,PR
cust_00200,MG
cust_00201,PE
cust_00202,PE
cust_00203,RS
cust_00204,GO
cust_00205,SC
cust_00206,DF
cust_00207,BA
cust_00208,DF
cust_00209,MG
cust_00210,RJ
cust_00211,PE
cust_00212,SC
cust_00213,PE
cust_00214,GO
cust_00215,RS
cust_00216,MG
cust_00217,RJ
cust_00218,DF
cust_00219,SC
cust_00220,PE
cust_00221,DF
cust_00222,DF
cust_00223,DF
cust_00224,RS
cust_00225,BA
cust_00226,MG
cust_00227,PR
cust_00228,DF
cust_00229,MG
cust_00230,MG
cust_00231,SC
cust_00232,DF
cust_00233,BA
cust_00234,RJ
cust_00235,DF
cust_00236,RS
cust_00237,PR
cust_00238,BA
cust_00239,BA
cust_00240,DF
cust_00241,MG
cust_00242,PR
cust_00243,RS
cust_00244,SC
cust_00245,MG
cust_00246,RS
cust_00247,BA
cust_00248,RJ
cust_00249,PR
cust_00250,PE
cust_00251,PR
cust_00252,PE
cust_00253,PR
cust_00254,GO
cust_00255,GO
cust_00256,RJ
cust_00257,GO
cust_00258,SP
cust_00259,DF
cust_00260,BA
cust_00261,RJ
cust_00262,PR
cust_00263,DF
cust_00264,BA
cust_00265,SC
cust_00266,MG
cust_00267,RS
cust_00268,GO
cust_00269,GO
cust_00270,PR
cust_00271,SC
cust_00272,BA
cust_00273,DF
cust_00274,RJ
cust_00275,SP
cust_00276,SP
cust_00277,SC
cust_00278,RS
cust_00279,RJ
cust_00280,PR
cust_00281,BA
cust_00282,PR
cust_00283,BA
cust_00284,MG
cust_00285,DF
cust_00286,PR
cust_00287,PR
cust_00288,SC
cust_00289,DF
cust_00290,MG
cust_00291,PR
cust_00292,RS
cust_00293,SC
cust_00294,SC
cust_00295,DF
cust_00296,SP
cust_00297,PE
cust_00298,SP
cust_00299,SC
cust_00300,PR
cust_00301,SP
cust_00302,SP
cust_00303,PE
cust_00304,PE
cust_00305,SC
cust_00306,SC
cust_00307,SP
cust_00308,SP
cust_00309,GO
cust_00310,RS
cust_00311,PE
cust_00312,SP
cust_00313,BA
cust_00314,DF
cust_00315,RS
cust_00316,RS
cust_00317,PE
cust_00318,RS
cust_00319,RS
cust_00320,PE
cust_00321,BA
cust_00322,MG
cust_00323,PR
cust_00324,MG
cust_00325,PR
cust_00326,GO
cust_00327,BA
cust_00328,SC
cust_00329,RS
cust_00330,MG
cust_00331,BA
cust_00332,RJ
cust_00333,GO
cust_00334,PE
cust_00335,PE
cust_00336,MG
cust_00337,RS
cust_00338,PR
cust_00339,GO
cust_00340,RJ
cust_00341,GO
cust_00342,RS
cust_00343,GO
cust_00344,SP
cust_00345,PE
cust_00346,SP
cust_00347,RS
cust_00348,SC
cust_00349,PE
cust_00350,SC
cust_00351,RS
cust_00352,RJ
cust_00353,RS
cust_00354,RJ
cust_00355,SP
cust_00356,PE
cust_00357,DF
cust_00358,PR
cust_00359,RS
cust_00360,BA
cust_00361,SP
cust_00362,MG
cust_00363,PR
cust_00364,SC
cust_00365,MG
cust_00366,PR
cust_00367,MG
cust_00368,MG
cust_00369,RS
cust_00370,SC
cust_00371,DF
cust_00372,SP
cust_00373,RJ
cust_00374,RJ
cust_00375,RJ
cust_00376,PR
cust_00377,DF
cust_00378,RS
cust_00379,PE
cust_00380,GO
cust_00381,RJ
cust_00382,RJ
cust_00383,PE
cust_00384,RJ
cust_00385,GO
cust_00386,SP
cust_00387,SC
cust_00388,GO
cust_00389,DF
cust_00390,GO
cust_00391,BA
cust_00392,DF
cust_00393,SC
cust_00394,GO
cust_00395,DF
cust_00396,GO
cust_00397,BA
cust_00398,DF
cust_00399,DF
cust_00400,RS
cust_00401,MG
cust_00402,BA
cust_00403,PR
cust_00404,SP
cust_00405,RS
cust_00406,GO
cust_00407,GO
cust_00408,RJ
cust_00409,BA
cust_00410,BA
cust_00411,PE
cust_00412,RS
cust_00413,PE
cust_00414,SC
cust_00415,RJ
cust_00416,PE
cust_00417,DF
cust_00418,SC
cust_00419,RJ
cust_00420,DF
cust_00421,RJ
cust_00422,RS
cust_00423,MG
cust_00424,SC
cust_00425,MG
cust_00426,GO
cust_00427,RS
cust_00428,SC
cust_00429,RJ
cust_00430,SC
cust_00431,MG
cust_00432,RS
cust_00433,SC
cust_00434,PE
cust_00435,GO
cust_00436,RS
cust_00437,RS
cust_00438,MG
cust_00439,GO
cust_00440,RJ
cust_00441,SP
cust_00442,PR
cust_00443,RS
cust_00444,MG
cust_00445,PR
cust_00446,DF
cust_00447,MG
cust_00448,BA
cust_00449,PE
cust_00450,DF
cust_00451,GO
cust_00452,BA
cust_00453,GO
cust_00454,GO
cust_00455,PE
cust_00456,RJ
cust_00457,RS
cust_00458,BA
cust_00459,GO
cust_00460,RJ
cust_00461,DF
cust_00462,RJ
cust_00463,RJ
cust_00464,SP
cust_00465,BA
cust_00466,BA
cust_00467,GO
cust_00468,BA
cust_00469,SP
cust_00470,MG
cust_00471,RS
cust_00472,GO
cust_00473,PE
cust_00474,DF
cust_00475,GO
cust_00476,GO
cust_00477,PR
cust_00478,BA
cust_00479,PE
cust_00480,SC
cust_00481,PR
cust_00482,RS
cust_00483,DF
cust_00484,PR
cust_00485,RS
cust_00486,RJ
cust_00487,SC
cust_00488,DF
cust_00489,PE
cust_00490,SC
cust_00491,RS
cust_00492,RS
cust_00493,PR
cust_00494,MG
cust_00495,PE
cust_00496,PR
cust_00497,GO
cust_00498,RJ
cust_00499,SP
cust_00500,PE
cust_00501,SP
cust_00502,PE
cust_00503,RS
cust_00504,PE
cust_00505,PE
cust_00506,BA
cust_00507,PR
cust_00508,GO
cust_00509,PR
cust_00510,RJ
cust_00511,BA
cust_00512,SC
cust_00513,SP
cust_00514,BA
cust_00515,SP
cust_00516,DF
cust_00517,RJ
cust_00518,RS
cust_00519,RS
cust_00520,MG
cust_00521,PR
cust_00522,SP
cust_00523,DF
cust_00524,DF
cust_00525,RJ
cust_00526,MG
cust_00527,PR
cust_00528,RJ
cust_00529,MG
cust_00530,GO
cust_00531,SC
cust_00532,DF
cust_00533,MG
cust_00534,SC
cust_00535,DF
cust_00536,MG
cust_00537,PE
cust_00538,PR
cust_00539,RS
cust_00540,RJ
cust_00541,DF
cust_00542,RJ
cust_00543,RJ
cust_00544,PR
cust_00545,SP
cust_00546,GO
cust_00547,PE
cust_00548,RJ
cust_00549,DF
cust_00550,BA
cust_00551,BA
cust_00552,RS
cust_00553,GO
cust_00554,SP
cust_00555,DF
cust_00556,MG
cust_00557,RJ
cust_00558,SP
cust_00559,SP
cust_00560,RJ
cust_00561,SC
cust_00562,RS
cust_00563,SC
cust_00564,RJ
cust_00565,GO
cust_00566,PR
cust_00567,SC
cust_00568,SP
cust_00569,RS
cust_00570,SP
cust_00571,RS
cust_00572,PE
cust_00573,PR
cust_00574,PE
cust_00575,SP
cust_00576,RS
cust_00577,SP
cust_00578,DF
cust_00579,DF
cust_00580,MG
cust_00581,PE
cust_00582,PE
cust_00583,RS
cust_00584,PR
cust_00585,DF
cust_00586,RS
cust_00587,PR
cust_00588,MG
cust_00589,PR
cust_00590,MG
cust_00591,SP
cust_00592,BA
cust_00593,MG
cust_00594,SP
cust_00595,RJ
cust_00596,DF
cust_00597,PR
cust_00598,MG
cust_00599,RS
cust_00600,PR
cust_00601,RS
cust_00602,RS
cust_00603,PR
cust_00604,DF
cust_00605,RS
cust_00606,RJ
cust_00607,PR
cust_00608,RS
cust_00609,BA
cust_00610,BA
cust_00611,PR
cust_00612,MG
cust_00613,PE
cust_00614,SC
cust_00615,RS
cust_00616,SP
cust_00617,SP
cust_00618,DF
cust_00619,BA
cust_00620,GO
cust_00621,PR
cust_00622,RJ
cust_00623,DF
cust_00624,PE
cust_00625,BA
cust_00626,SP
cust_00627,SP
cust_00628,DF
cust_00629,GO
cust_00630,RJ
cust_00631,SC
cust_00632,RS
cust_00633,BA
cust_00634,GO
cust_00635,BA
cust_00636,MG
cust_00637,RS
cust_00638,DF
cust_00639,SP
cust_00640,BA
cust_00641,PR
cust_00642,PR
cust_00643,SP
cust_00644,RJ
cust_00645,PR
cust_00646,BA
cust_00647,RJ
cust_00648,SC
cust_00649,GO
cust_00650,PR
cust_00651,PE
cust_00652,PR
cust_00653,SP
cust_00654,SC
cust_00655,SP
cust_00656,PR
cust_00657,MG
cust_00658,BA
cust_00659,SP
cust_00660,PR
cust_00661,RJ
cust_00662,DF
cust_00663,BA
cust_00664,SC
cust_00665,GO
cust_00666,RJ
cust_00667,BA
cust_00668,DF
cust_00669,PR
cust_00670,DF
cust_00671,GO
cust_00672,DF
cust_00673,RJ
cust_00674,RS
cust_00675,PE
cust_00676,RS
cust_00677,PE
cust_00678,SP
cust_00679,BA
cust_00680,GO
cust_00681,MG
cust_00682,PE
cust_00683,SP
cust_00684,MG
cust_00685,RJ
cust_00686,RJ
cust_00687,PR
cust_00688,GO
cust_00689,RJ
cust_00690,RS
cust_00691,SP
cust_00692,SC
cust_00693,BA
cust_00694,RJ
cust_00695,MG
cust_00696,RJ
cust_00697,SP
cust_00698,RS
cust_00699,RS
cust_00700,MG
cust_00701,GO
cust_00702,MG
cust_00703,MG
cust_00704,PR
cust_00705,GO
cust_00706,MG
cust_00707,SC
cust_00708,DF
cust_00709,GO
cust_00710,SC
cust_00711,PE
cust_00712,SP
cust_00713,BA
cust_00714,MG
cust_00715,MG
cust_00716,PR
cust_00717,GO
cust_00718,PR
cust_00719,MG
cust_00720,BA
cust_00721,SC
cust_00722,PE
cust_00723,SC
cust_00724,SC
cust_00725,SP
cust_00726,RS
cust_00727,SP
cust_00728,RJ
cust_00729,GO
cust_00730,SP
cust_00731,MG
cust_00732,SP
cust_00733,PR
cust_00734,PR
cust_00735,PE
cust_00736,SP
cust_00737,RJ
cust_00738,RS
cust_00739,SP
cust_00740,SP
cust_00741,SC
cust_00742,GO
cust_00743,SP
cust_00744,MG
cust_00745,GO
cust_00746,BA
cust_00747,MG
cust_00748,GO
cust_00749,SC
cust_00750,GO
cust_00751,PR
cust_00752,GO
cust_00753,RS
cust_00754,BA
cust_00755,MG
cust_00756,MG
cust_00757,RJ
cust_00758,PR
cust_00759,RJ
cust_00760,PR
cust_00761,PR
cust_00762,SC
cust_00763,RJ
cust_00764,RS
cust_00765,DF
cust_00766,SP
cust_00767,DF
cust_00768,SP
cust_00769,DF
cust_00770,PR
cust_00771,BA
cust_00772,GO
cust_00773,PE
cust_00774,PE
cust_00775,SP
cust_00776,RS
cust_00777,GO
cust_00778,DF
cust_00779,MG
cust_00780,BA
cust_00781,PR
cust_00782,GO
cust_00783,GO
cust_00784,GO
cust_00785,PE
cust_00786,BA
cust_00787,DF
cust_00788,DF
cust_00789,RS
cust_00790,PR
cust_00791,RS
cust_00792,PE
cust_00793,GO
cust_00794,MG
cust_00795,PR
cust_00796,DF
cust_00797,MG
cust_00798,PE
cust_00799,GO
cust_00800,MG
cust_00801,MG
cust_00802,SC
cust_00803,GO
cust_00804,SP
cust_00805,DF
cust_00806,SC
cust_00807,RJ
cust_00808,PE
cust_00809,SC
cust_00810,RS
cust_00811,RS
cust_00812,PE
cust_00813,PR
cust_00814,PE
cust_00815,GO
cust_00816,DF
cust_00817,DF
cust_00818,DF
cust_00819,BA
cust_00820,MG
cust_00821,SP
cust_00822,RS
cust_00823,PR
cust_00824,MG
cust_00825,PE
cust_00826,RS
cust_00827,DF
cust_00828,SP
cust_00829,RJ
cust_00830,PR
cust_00831,MG
cust_00832,GO
cust_00833,SC
cust_00834,PE
cust_00835,BA
cust_00836,SC
cust_00837,BA
cust_00838,MG
cust_00839,PR
cust_00840,MG
cust_00841,GO
cust_00842,SP
cust_00843,GO
cust_00844,SP
cust_00845,PR
cust_00846,PE
cust_00847,PR
cust_00848,DF
cust_00849,GO
cust_00850,GO
cust_00851,PE
cust_00852,DF
cust_00853,RS
cust_00854,SP
cust_00855,SC
cust_00856,RS
cust_00857,SP
cust_00858,MG
cust_00859,SP
cust_00860,SP
cust_00861,PE
cust_00862,MG
cust_00863,SC
cust_00864,BA
cust_00865,RS
cust_00866,PR
cust_00867,PR
cust_00868,DF
cust_00869,DF
cust_00870,RJ
cust_00871,PE
cust_00872,BA
cust_00873,DF
cust_00874,SC
cust_00875,PR
cust_00876,PE
cust_00877,BA
cust_00878,PR
cust_00879,PE
cust_00880,SP
cust_00881,DF
cust_00882,RS
cust_00883,RS
cust_00884,MG
cust_00885,RJ
cust_00886,RS
cust_00887,SP
cust_00888,MG
cust_00889,PE
cust_00890,BA
cust_00891,PR
cust_00892,DF
cust_00893,PE
cust_00894,RJ
cust_00895,SC
cust_00896,RS
cust_00897,PR
cust_00898,MG
cust_00899,DF
cust_00900,RJ
cust_00901,RJ
cust_00902,RS
cust_00903,GO
cust_00904,PE
cust_00905,RS
cust_00906,MG
cust_00907,RS
cust_00908,MG
cust_00909,SC
cust_00910,DF
cust_00911,BA
cust_00912,BA
cust_00913,RS
cust_00914,MG
cust_00915,RJ
cust_00916,SP
cust_00917,PR
cust_00918,DF
cust_00919,PE
cust_00920,DF
cust_00921,MG
cust_00922,BA
cust_00923,BA
cust_00924,RJ
cust_00925,SP
cust_00926,PE
cust_00927,MG
cust_00928,PR
cust_00929,GO
cust_00930,SP
cust_00931,RJ
cust_00932,RJ
cust_00933,BA
cust_00934,SP
cust_00935,BA
cust_00936,RJ
cust_00937,SC
cust_00938,SC
cust_00939,PE
cust_00940,PE
cust_00941,PR
cust_00942,DF
cust_00943,MG
cust_00944,DF
cust_00945,DF
cust_00946,GO
cust_00947,SC
cust_00948,SP
cust_00949,PR
cust_00950,PR
cust_00951,RS
cust_00952,SP
cust_00953,DF
cust_00954,BA
cust_00955,SP
cust_00956,RJ
cust_00957,GO
cust_00958,BA
cust_00959,RJ
cust_00960,MG
cust_00961,RJ
cust_00962,BA
cust_00963,SP
cust_00964,PE
cust_00965,RS
cust_00966,MG
cust_00967,RS
cust_00968,DF
cust_00969,PR
cust_00970,MG
cust_00971,DF
cust_00972,SP
cust_00973,MG
cust_00974,SC
cust_00975,SC
cust_00976,PR
cust_00977,RS
cust_00978,GO
cust_00979,SP
cust_00980,SC
cust_00981,BA
cust_00982,MG
cust_00983,PE
cust_00984,SC
cust_00985,PR
cust_00986,GO
cust_00987,RJ
cust_00988,MG
cust_00989,GO
cust_00990,RJ
cust_00991,SP
cust_00992,GO
cust_00993,SP
cust_00994,GO
cust_00995,GO
cust_00996,GO
cust_00997,SP
cust_00998,MG
cust_00999,RJ
cust_01000,PE
cust_01001,MG
cust_01002,MG
cust_01003,SC
cust_01004,BA
cust_01005,PR
cust_01006,RJ
cust_01007,PR
cust_01008,PR
cust_01009,SC
cust_01010,DF
cust_01011,RS
cust_01012,SP
cust_01013,RJ
cust_01014,RJ
cust_01015,GO
cust_01016,BA
cust_01017,MG
cust_01018,PE
cust_01019,DF
cust_01020,PR
cust_01021,PE
cust_01022,PE
cust_01023,MG
cust_01024,DF
cust_01025,DF
cust_01026,BA
cust_01027,DF
cust_01028,PR
cust_01029,PE
cust_01030,BA
cust_01031,SC
cust_01032,RS
cust_01033,RS
cust_01034,SP
cust_01035,PR
cust_01036,RJ
cust_01037,SC
cust_01038,PR
cust_01039,RJ
cust_01040,MG
cust_01041,GO
cust_01042,SP
cust_01043,MG
cust_01044,RS
cust_01045,PE
cust_01046,GO
cust_01047,PE
cust_01048,SP
cust_01049,RS
cust_01050,DF
cust_01051,PE
cust_01052,RJ
cust_01053,PR
cust_01054,PR
cust_01055,MG
cust_01056,GO
cust_01057,PE
cust_01058,SP
cust_01059,MG
cust_01060,SC
cust_01061,PE
cust_01062,PE
cust_01063,DF
cust_01064,SC
cust_01065,RJ
cust_01066,SP
cust_01067,SP
cust_01068,SC
cust_01069,BA
cust_01070,RJ
cust_01071,RS
cust_01072,PR
cust_01073,RS
cust_01074,MG
cust_01075,RS
cust_01076,PE
cust_01077,BA
cust_01078,GO
cust_01079,GO
cust_01080,MG
cust_01081,RS
cust_01082,BA
cust_01083,SC
cust_01084,GO
cust_01085,DF
cust_01086,PR
cust_01087,BA
cust_01088,DF
cust_01089,SC
cust_01090,MG
cust_01091,GO
cust_01092,RJ
cust_01093,BA
cust_01094,RJ
cust_01095,MG
cust_01096,DF
cust_01097,MG
cust_01098,BA
cust_01099,PR
cust_01100,RJ
cust_01101,BA
cust_01102,RS
cust_01103,DF
cust_01104,RS
cust_01105,SC
cust_01106,GO
cust_01107,PR
cust_01108,RS
cust_01109,RS
cust_01110,SP
cust_01111,PE
cust_01112,SP
cust_01113,PE
cust_01114,SC
cust_01115,SP
cust_01116,RJ
cust_01117,SP
cust_01118,DF
cust_01119,SP
cust_01120,DF
cust_01121,SP
cust_01122,SC
cust_01123,SC
cust_01124,BA
cust_01125,PR
cust_01126,RJ
cust_01127,MG
cust_01128,SP
cust_01129,GO
cust_01130,SP
cust_01131,BA
cust_01132,SC
cust_01133,MG
cust_01134,RJ
cust_01135,SC
cust_01136,PE
cust_01137,PR
cust_01138,PE
cust_01139,BA
cust_01140,DF
cust_01141,MG
cust_01142,PE
cust_01143,RS
cust_01144,SC
cust_01145,PR
cust_01146,RS
cust_01147,BA
cust_01148,DF
cust_01149,PR
cust_01150,RJ
cust_01151,PR
cust_01152,RJ
cust_01153,SC
cust_01154,BA
cust_01155,PR
cust_01156,DF
cust_01157,MG
cust_01158,SP
cust_01159,BA
cust_01160,DF
cust_01161,SP
cust_01162,RS
cust_01163,SC
cust_01164,BA
cust_01165,GO
cust_01166,BA
cust_01167,DF
cust_01168,SC
cust_01169,MG
cust_01170,DF
cust_01171,RS
cust_01172,RS
cust_01173,BA
cust_01174,PE
cust_01175,BA
cust_01176,SC
cust_01177,BA
cust_01178,PE
cust_01179,MG
cust_01180,GO
cust_01181,SC
cust_01182,RS
cust_01183,RS
cust_01184,SP
cust_01185,PR
cust_01186,PE
cust_01187,DF
cust_01188,RJ
cust_01189,PE
cust_01190,MG
cust_01191,RJ
cust_01192,SC
cust_01193,SP
cust_01194,RJ
cust_01195,MG
cust_01196,GO
cust_01197,RJ
cust_01198,MG
cust_01199,DF
cust_01200,RS
cust_01201,MG
cust_01202,PE
cust_01203,SP
cust_01204,RJ
cust_01205,RS
cust_01206,BA
cust_01207,SP
cust_01208,SP
cust_01209,SP
cust_01210,BA
cust_01211,PE
cust_01212,RS
cust_01213,RJ
cust_01214,PE
cust_01215,PE
cust_01216,SP
cust_01217,PE
cust_01218,DF
cust_01219,BA
cust_01220,RS
cust_01221,MG
cust_01222,RS
cust_01223,RS
cust_01224,RJ
cust_01225,DF
cust_01226,RJ
cust_01227,MG
cust_01228,SP
cust_01229,SC
cust_01230,RJ
cust_01231,PE
cust_01232,SC
cust_01233,SC
cust_01234,PE
cust_01235,DF
cust_01236,RJ
cust_01237,BA
cust_01238,RJ
cust_01239,SP
cust_01240,SP
cust_01241,MG
cust_01242,PR
cust_01243,MG
cust_01244,MG
cust_01245,DF
cust_01246,RJ
cust_01247,SP
cust_01248,PR
cust_01249,BA
cust_01250,SC
cust_01251,BA
cust_01252,RJ
cust_01253,PR
cust_01254,PE
cust_01255,RS
cust_01256,SC
cust_01257,RJ
cust_01258,PE
cust_01259,DF
cust_01260,RS
cust_01261,SP
cust_01262,RS
cust_01263,GO
cust_01264,DF
cust_01265,SC
cust_01266,BA
cust_01267,BA
cust_01268,RJ
cust_01269,RJ
cust_01270,PE
cust_01271,PR
cust_01272,PE
cust_01273,RS
cust_01274,DF
cust_01275,PE
cust_01276,SC
cust_01277,GO
cust_01278,SC
cust_01279,MG
cust_01280,RS
cust_01281,RJ
cust_01282,SC
cust_01283,BA
cust_01284,SP
cust_01285,PR
cust_01286,GO
cust_01287,PE
cust_01288,BA
cust_01289,MG
cust_01290,BA
cust_01291,MG
cust_01292,BA
cust_01293,GO
cust_01294,MG
cust_01295,PE
cust_01296,SP
cust_01297,BA
cust_01298,SC
cust_01299,DF
cust_01300,SC
cust_01301,SP
cust_01302,GO
cust_01303,MG
cust_01304,BA
cust_01305,PE
cust_01306,RS
cust_01307,SP
cust_01308,SC
cust_01309,PR
cust_01310,SC
cust_01311,DF
cust_01312,PE
cust_01313,MG
cust_01314,PE
cust_01315,MG
cust_01316,BA
cust_01317,MG
cust_01318,GO
cust_01319,PR
cust_01320,RS
cust_01321,DF
cust_01322,GO
cust_01323,RJ
cust_01324,SP
cust_01325,GO
cust_01326,GO
cust_01327,MG
cust_01328,RS
cust_01329,BA
cust_01330,BA
cust_01331,PR
cust_01332,PE
cust_01333,RS
cust_01334,RS
cust_01335,PR
cust_01336,MG
cust_01337,GO
cust_01338,PE
cust_01339,SC
cust_01340,RS
cust_01341,SC
cust_01342,RS
cust_01343,MG
cust_01344,BA
cust_01345,RJ
cust_01346,BA
cust_01347,BA
cust_01348,SP
cust_01349,RJ
cust_01350,SC
cust_01351,SP
cust_01352,GO
cust_01353,SC
cust_01354,PR
cust_01355,PR
cust_01356,RS
cust_01357,BA
cust_01358,BA
cust_01359,SP
cust_01360,RJ
cust_01361,GO
cust_01362,DF
cust_01363,GO
cust_01364,MG
cust_01365,GO
cust_01366,BA
cust_01367,MG
cust_01368,BA
cust_01369,PE
cust_01370,PE
cust_01371,DF
cust_01372,GO
cust_01373,PE
cust_01374,SC
cust_01375,BA
cust_01376,DF
cust_01377,PR
cust_01378,BA
cust_01379,RS
cust_01380,DF
cust_01381,GO
cust_01382,SP
cust_01383,RJ
cust_01384,GO
cust_01385,BA
cust_01386,BA
cust_01387,RJ
cust_01388,GO
cust_01389,PE
cust_01390,RS
cust_01391,GO
cust_01392,BA
cust_01393,GO
cust_01394,SC
cust_01395,PR
cust_01396,PE
cust_01397,SP
cust_01398,BA
cust_01399,DF
cust_01400,GO
cust_01401,RS
cust_01402,PR
cust_01403,MG
cust_01404,SC
cust_01405,BA
cust_01406,GO
cust_01407,GO
cust_01408,SC
cust_01409,MG
cust_01410,PR
cust_01411,RS
cust_01412,PR
cust_01413,MG
cust_01414,PE
cust_01415,BA
cust_01416,DF
cust_01417,SP
cust_01418,MG
cust_01419,SP
cust_01420,MG
cust_01421,RJ
cust_01422,RJ
cust_01423,SC
cust_01424,RJ
cust_01425,SC
cust_01426,SP
cust_01427,BA
cust_01428,PE
cust_01429,GO
cust_01430,RS
cust_01431,RS
cust_01432,PR
cust_01433,GO
cust_01434,GO
cust_01435,SC
cust_01436,DF
cust_01437,MG
cust_01438,SC
cust_01439,RJ
cust_01440,SP
cust_01441,BA
cust_01442,PR
cust_01443,SC
cust_01444,DF
cust_01445,PR
cust_01446,DF
cust_01447,SC
cust_01448,RS
cust_01449,SP
cust_01450,DF
cust_01451,PE
cust_01452,RS
cust_01453,PE
cust_01454,GO
cust_01455,SP
cust_01456,DF
cust_01457,RJ
cust_01458,RJ
cust_01459,PR
cust_01460,MG
cust_01461,RS
cust_01462,SC
cust_01463,PR
cust_01464,RS
cust_01465,SC
cust_01466,DF
cust_01467,BA
cust_01468,PR
cust_01469,BA
cust_01470,GO
cust_01471,SP
cust_01472,RJ
cust_01473,DF
cust_01474,DF
cust_01475,PE
cust_01476,PE
cust_01477,DF
cust_01478,SP
cust_01479,SC
cust_01480,RJ
cust_01481,DF
cust_01482,RJ
cust_01483,RJ
cust_01484,SC
cust_01485,RS
cust_01486,GO
cust_01487,MG
cust_01488,PE
cust_01489,RS
cust_01490,SC
cust_01491,DF
cust_01492,BA
cust_01493,RJ
cust_01494,DF
cust_01495,DF
cust_01496,PR
cust_01497,RS
cust_01498,PE
cust_01499,SC
cust_01500,SP
cust_01501,RS
cust_01502,SP
cust_01503,MG
cust_01504,RJ
cust_01505,DF
cust_01506,DF
cust_01507,SP
cust_01508,PE
cust_01509,GO
cust_01510,DF
cust_01511,GO
cust_01512,RS
cust_01513,PR
cust_01514,RJ
cust_01515,GO
cust_01516,SP
cust_01517,SC
cust_01518,PR
cust_01519,RS
cust_01520,DF
cust_01521,PR
cust_01522,SP
cust_01523,GO
cust_01524,DF
cust_01525,RS
cust_01526,MG
cust_01527,PE
cust_01528,SP
cust_01529,BA
cust_01530,RJ
cust_01531,MG
cust_01532,SP
cust_01533,BA
cust_01534,BA
cust_01535,PR
cust_01536,DF
cust_01537,SP
cust_01538,DF
cust_01539,GO
cust_01540,SP
cust_01541,PR
cust_01542,SC
cust_01543,BA
cust_01544,PR
cust_01545,RS
cust_01546,MG
cust_01547,SC
cust_01548,SC
cust_01549,RS
cust_01550,MG
cust_01551,SC
cust_01552,MG
cust_01553,PR
cust_01554,DF
cust_01555,PE
cust_01556,PE
cust_01557,SP
cust_01558,PE
cust_01559,BA
cust_01560,SC
cust_01561,MG
cust_01562,PR
cust_01563,RS
cust_01564,RS
cust_01565,GO
cust_01566,RJ
cust_01567,BA
cust_01568,DF
cust_01569,RJ
cust_01570,BA
cust_01571,RJ
cust_01572,SC
cust_01573,RS
cust_01574,BA
cust_01575,PE
cust_01576,DF
cust_01577,SP
cust_01578,MG
cust_01579,PE
cust_01580,GO
cust_01581,RS
cust_01582,RJ
cust_01583,SP
cust_01584,SP
cust_01585,SP
cust_01586,DF
cust_01587,DF
cust_01588,SP
cust_01589,DF
cust_01590,BA
cust_01591,SC
cust_01592,PR
cust_01593,MG
cust_01594,PR
cust_01595,DF
cust_01596,DF
cust_01597,BA
cust_01598,RS
cust_01599,RS
cust_01600,SP
cust_01601,MG
cust_01602,MG
cust_01603,DF
cust_01604,DF
cust_01605,BA
cust_01606,DF
cust_01607,SC
cust_01608,MG
cust_01609,SC
cust_01610,SC
cust_01611,MG
cust_01612,SC
cust_01613,GO
cust_01614,DF
cust_01615,DF
cust_01616,BA
cust_01617,BA
cust_01618,GO
cust_01619,RS
cust_01620,RJ
cust_01621,SP
cust_01622,PR
cust_01623,RJ
cust_01624,PE
cust_01625,MG
cust_01626,SP
cust_01627,RS
cust_01628,PR
cust_01629,SC
cust_01630,DF
cust_01631,SC
cust_01632,PE
cust_01633,PE
cust_01634,RJ
cust_01635,MG
cust_01636,PR
cust_01637,RS
cust_01638,PR
cust_01639,MG
cust_01640,RJ
cust_01641,RS
cust_01642,RS
cust_01643,SC
cust_01644,RJ
cust_01645,BA
cust_01646,DF
cust_01647,PR
cust_01648,SC
cust_01649,SP
cust_01650,RJ
cust_01651,SP
cust_01652,PR
cust_01653,PR
cust_01654,SP
cust_01655,PR
cust_01656,GO
cust_01657,GO
cust_01658,BA
cust_01659,PE
cust_01660,SC
cust_01661,RS
cust_01662,PE
cust_01663,GO
cust_01664,RS
cust_01665,PR
cust_01666,PR
cust_01667,PE
cust_01668,SP
cust_01669,PE
cust_01670,MG
cust_01671,PR
cust_01672,SP
cust_01673,GO
cust_01674,RJ
cust_01675,MG
cust_01676,BA
cust_01677,RS
cust_01678,MG
cust_01679,SC
cust_01680,SP
cust_01681,RS
cust_01682,RJ
cust_01683,SC
cust_01684,RS
cust_01685,BA
cust_01686,RJ
cust_01687,SP
cust_01688,MG
cust_01689,GO
cust_01690,DF
cust_01691,SP
cust_01692,SP
cust_01693,RJ
cust_01694,SC
cust_01695,DF
cust_01696,PE
cust_01697,MG
cust_01698,DF
cust_01699,MG
cust_01700,RS
cust_01701,GO
cust_01702,RS
cust_01703,PE
cust_01704,PR
cust_01705,GO
cust_01706,BA
cust_01707,DF
cust_01708,PR
cust_01709,RS
cust_01710,RS
cust_01711,SC
cust_01712,DF
cust_01713,RJ
cust_01714,PR
cust_01715,MG
cust_01716,RJ
cust_01717,BA
cust_01718,DF
cust_01719,DF
cust_01720,SC
cust_01721,SP
cust_01722,GO
cust_01723,PE
cust_01724,RS
cust_01725,GO
cust_01726,MG
cust_01727,SC
cust_01728,RJ
cust_01729,SC
cust_01730,PE
cust_01731,PE
cust_01732,DF
cust_01733,PE
cust_01734,DF
cust_01735,GO
cust_01736,PE
cust_01737,RS
cust_01738,PE
cust_01739,SP
cust_01740,MG
cust_01741,PR
cust_01742,RS
cust_01743,MG
cust_01744,SP
cust_01745,DF
cust_01746,SC
cust_01747,PR
cust_01748,DF
cust_01749,PE
cust_01750,BA
cust_01751,PR
cust_01752,PR
cust_01753,PR
cust_01754,RS
cust_01755,DF
cust_01756,PR
cust_01757,PR
cust_01758,RS
cust_01759,RS
cust_01760,DF
cust_01761,PE
cust_01762,PE
cust_01763,BA
cust_01764,MG
cust_01765,RJ
cust_01766,PR
cust_01767,BA
cust_01768,SP
cust_01769,SP
cust_01770,SP
cust_01771,SP
cust_01772,PR
cust_01773,SC
cust_01774,PR
cust_01775,SP
cust_01776,SP
cust_01777,BA
cust_01778,RS
cust_01779,RJ
cust_01780,MG
cust_01781,MG
cust_01782,MG
cust_01783,RJ
cust_01784,RS
cust_01785,RJ
cust_01786,SC
cust_01787,PR
cust_01788,PE
cust_01789,PE
cust_01790,RS
cust_01791,GO
cust_01792,DF
cust_01793,PR
cust_01794,SC
cust_01795,PR
cust_01796,BA
cust_01797,RJ
cust_01798,PR
cust_01799,PR
cust_01800,DF
cust_01801,GO
cust_01802,SC
cust_01803,SC
cust_01804,PE
cust_01805,SP
cust_01806,SC
cust_01807,PR
cust_01808,GO
cust_01809,PE
cust_01810,PE
cust_01811,SP
cust_01812,GO
cust_01813,BA
cust_01814,SP
cust_01815,BA
cust_01816,SC
cust_01817,RJ
cust_01818,SC
cust_01819,GO
cust_01820,RS
cust_01821,MG
cust_01822,MG
cust_01823,PE
cust_01824,GO
cust_01825,PE
cust_01826,MG
cust_01827,PR
cust_01828,SC
cust_01829,PE
cust_01830,PR
cust_01831,BA
cust_01832,SC
cust_01833,SP
cust_01834,DF
cust_01835,MG
cust_01836,GO
cust_01837,PR
cust_01838,SC
cust_01839,GO
cust_01840,MG
cust_01841,RJ
cust_01842,RJ
cust_01843,GO
cust_01844,RJ
cust_01845,BA
cust_01846,PR
cust_01847,SP
cust_01848,RJ
cust_01849,GO
cust_01850,PR
cust_01851,SC
cust_01852,RS
cust_01853,SC
cust_01854,SP
cust_01855,DF
cust_01856,PE
cust_01857,BA
cust_01858,DF
cust_01859,DF
cust_01860,PR
cust_01861,DF
cust_01862,RS
cust_01863,GO
cust_01864,SP
cust_01865,RS
cust_01866,SP
cust_01867,GO
cust_01868,BA
cust_01869,SP
cust_01870,SC
cust_01871,MG
cust_01872,PE
cust_01873,RJ
cust_01874,SC
cust_01875,BA
cust_01876,RJ
cust_01877,SP
cust_01878,GO
cust_01879,RJ
cust_01880,GO
cust_01881,MG
cust_01882,PE
cust_01883,BA
cust_01884,DF
cust_01885,PR
cust_01886,GO
cust_01887,PR
cust_01888,PR
cust_01889,GO
cust_01890,GO
cust_01891,SP
cust_01892,PE
cust_01893,GO
cust_01894,PR
cust_01895,BA
cust_01896,PR
cust_01897,GO
cust_01898,BA
cust_01899,PE
cust_01900,SP
cust_01901,RJ
cust_01902,BA
cust_01903,SP
cust_01904,PR
cust_01905,DF
cust_01906,RS
cust_01907,SP
cust_01908,PR
cust_01909,RJ
cust_01910,DF
cust_01911,PE
cust_01912,DF
cust_01913,PR
cust_01914,DF
cust_01915,PE
cust_01916,BA
cust_01917,RS
cust_01918,GO
cust_01919,DF
cust_01920,RJ
cust_01921,PE
cust_01922,SC
cust_01923,RS
cust_01924,RS
cust_01925,MG
cust_01926,RJ
cust_01927,MG
cust_01928,PE
cust_01929,MG
cust_01930,SP
cust_01931,RJ
cust_01932,GO
cust_01933,RS
cust_01934,DF
cust_01935,RS
cust_01936,RS
cust_01937,PR
cust_01938,RJ
cust_01939,RJ
cust_01940,PE
cust_01941,MG
cust_01942,GO
cust_01943,MG
cust_01944,PE
cust_01945,MG
cust_01946,PE
cust_01947,MG
cust_01948,PE
cust_01949,MG
cust_01950,GO
cust_01951,SC
cust_01952,SP
cust_01953,PE
cust_01954,DF
cust_01955,MG
cust_01956,PE
cust_01957,MG
cust_01958,SC
cust_01959,RJ
cust_01960,RS
cust_01961,PE
cust_01962,DF
cust_01963,MG
cust_01964,SP
cust_01965,PE
cust_01966,PE
cust_01967,RS
cust_01968,RJ
cust_01969,MG
cust_01970,SC
cust_01971,RJ
cust_01972,PR
cust_01973,RS
cust_01974,RJ
cust_01975,SP
cust_01976,RJ
cust_01977,PE
cust_01978,RS
cust_01979,RS
cust_01980,RS
cust_01981,SP
cust_01982,MG
cust_01983,GO
cust_01984,PR
cust_01985,PE
cust_01986,SC
cust_01987,SP
cust_01988,PE
cust_01989,PR
cust_01990,RS
cust_01991,SP
cust_01992,BA
cust_01993,SC
cust_01994,BA
cust_01995,SC
cust_01996,PE
cust_01997,PE
cust_01998,DF
cust_01999,DF
cust_02000,DF
cust_02001,DF
cust_02002,GO
cust_02003,RS
cust_02004,PE
cust_02005,SC
cust_02006,MG
cust_02007,SP
cust_02008,RJ
cust_02009,DF
cust_02010,BA
cust_02011,GO
cust_02012,SC
cust_02013,RJ
cust_02014,SC
cust_02015,DF
cust_02016,PE
cust_02017,MG
cust_02018,BA
cust_02019,BA
cust_02020,MG
cust_02021,PR
cust_02022,DF
cust_02023,SC
cust_02024,GO
cust_02025,BA
cust_02026,RJ
cust_02027,SC
cust_02028,SC
cust_02029,BA
cust_02030,DF
cust_02031,RS
cust_02032,BA
cust_02033,GO
cust_02034,SC
cust_02035,SP
cust_02036,DF
cust_02037,MG
cust_02038,PE
cust_02039,PE
cust_02040,BA
cust_02041,PE
cust_02042,PR
cust_02043,RJ
cust_02044,PE
cust_02045,SC
cust_02046,GO
cust_02047,RS
cust_02048,RJ
cust_02049,RJ
cust_02050,BA
cust_02051,SP
cust_02052,BA
cust_02053,MG
cust_02054,RJ
cust_02055,RS
cust_02056,GO
cust_02057,SP
cust_02058,GO
cust_02059,DF
cust_02060,RJ
cust_02061,RS
cust_02062,PE
cust_02063,PR
cust_02064,MG
cust_02065,SC
cust_02066,MG
cust_02067,SP
cust_02068,RJ
cust_02069,DF
cust_02070,BA
cust_02071,GO
cust_02072,DF
cust_02073,RJ
cust_02074,SC
cust_02075,RS
cust_02076,MG
cust_02077,RS
cust_02078,RJ
cust_02079,SC
cust_02080,RJ
cust_02081,RJ
cust_02082,MG
cust_02083,BA
cust_02084,SC
cust_02085,GO
cust_02086,DF
cust_02087,MG
cust_02088,DF
cust_02089,MG
cust_02090,SP
cust_02091,GO
cust_02092,MG
cust_02093,MG
cust_02094,BA
cust_02095,GO
cust_02096,BA
cust_02097,RJ
cust_02098,MG
cust_02099,SC
cust_02100,DF
cust_02101,RJ
cust_02102,SC
cust_02103,DF
cust_02104,SC
cust_02105,MG
cust_02106,GO
cust_02107,RJ
cust_02108,RS
cust_02109,RJ
cust_02110,PE
cust_02111,DF
cust_02112,DF
cust_02113,SP
cust_02114,DF
cust_02115,SC
cust_02116,SP
cust_02117,RJ
cust_02118,SP
cust_02119,PR
cust_02120,PE
cust_02121,PR
cust_02122,SP
cust_02123,RS
cust_02124,BA
cust_02125,PR
cust_02126,GO
cust_02127,PE
cust_02128,SP
cust_02129,PE
cust_02130,SP
cust_02131,SP
cust_02132,SC
cust_02133,DF
cust_02134,DF
cust_02135,PE
cust_02136,SC
cust_02137,PE
cust_02138,DF
cust_02139,DF
cust_02140,PE
cust_02141,RJ
cust_02142,RS
cust_02143,RS
cust_02144,MG
cust_02145,DF
cust_02146,BA
cust_02147,PR
cust_02148,RS
cust_02149,GO
cust_02150,MG
cust_02151,PE
cust_02152,RS
cust_02153,SP
cust_02154,SC
cust_02155,RJ
cust_02156,DF
cust_02157,MG
cust_02158,DF
cust_02159,BA
cust_02160,PE
cust_02161,RJ
cust_02162,MG
cust_02163,SP
cust_02164,PR
cust_02165,MG
cust_02166,SP
cust_02167,RS
cust_02168,SC
cust_02169,SC
cust_02170,BA
cust_02171,GO
cust_02172,RS
cust_02173,GO
cust_02174,MG
cust_02175,SC
cust_02176,DF
cust_02177,SP
cust_02178,SP
cust_02179,SC
cust_02180,PE
cust_02181,RJ
cust_02182,BA
cust_02183,SP
cust_02184,SC
cust_02185,MG
cust_02186,RJ
cust_02187,DF
cust_02188,GO
cust_02189,RS
cust_02190,BA
cust_02191,DF
cust_02192,BA
cust_02193,PE
cust_02194,PE
cust_02195,SC
cust_02196,RJ
cust_02197,SP
cust_02198,PR
cust_02199,SC
cust_02200,PE
cust_02201,SP
cust_02202,RS
cust_02203,RS
cust_02204,PE
cust_02205,SC
cust_02206,RS
cust_02207,PE
cust_02208,GO
cust_02209,BA
cust_02210,GO
cust_02211,SC
cust_02212,GO
cust_02213,PE
cust_02214,BA
cust_02215,PR
cust_02216,SC
cust_02217,BA
cust_02218,GO
cust_02219,PE
cust_02220,RS
cust_02221,SP
cust_02222,DF
cust_02223,MG
cust_02224,GO
cust_02225,SP
cust_02226,MG
cust_02227,SP
cust_02228,RS
cust_02229,SP
cust_02230,GO
cust_02231,PR
cust_02232,MG
cust_02233,RS
cust_02234,SP
cust_02235,MG
cust_02236,SP
cust_02237,SP
cust_02238,GO
cust_02239,BA
cust_02240,RS
cust_02241,MG
cust_02242,MG
cust_02243,RS
cust_02244,MG
cust_02245,GO
cust_02246,SC
cust_02247,SP
cust_02248,PR
cust_02249,RJ
cust_02250,RJ
cust_02251,BA
cust_02252,PR
cust_02253,RJ
cust_02254,BA
cust_02255,PR
cust_02256,RS
cust_02257,SP
cust_02258,BA
cust_02259,MG
cust_02260,PE
cust_02261,RS
cust_02262,BA
cust_02263,BA
cust_02264,RJ
cust_02265,SP
cust_02266,PR
cust_02267,MG
cust_02268,DF
cust_02269,RJ
cust_02270,RJ
cust_02271,PR
cust_02272,GO
cust_02273,PR
cust_02274,PR
cust_02275,DF
cust_02276,BA
cust_02277,GO
cust_02278,RS
cust_02279,RJ
cust_02280,PE
cust_02281,MG
cust_02282,RJ
cust_02283,BA
cust_02284,PE
cust_02285,DF
cust_02286,RJ
cust_02287,GO
cust_02288,RJ
cust_02289,BA
cust_02290,SP
cust_02291,SC
cust_02292,GO
cust_02293,RJ
cust_02294,GO
cust_02295,SP
cust_02296,RS
cust_02297,RJ
cust_02298,SP
cust_02299,MG
cust_02300,DF
cust_02301,GO
cust_02302,RJ
cust_02303,SC
cust_02304,RJ
cust_02305,DF
cust_02306,MG
cust_02307,GO
cust_02308,MG
cust_02309,RJ
cust_02310,DF
cust_02311,RJ
cust_02312,BA
cust_02313,BA
cust_02314,RS
cust_02315,PE
cust_02316,PE
cust_02317,BA
cust_02318,PE
cust_02319,MG
cust_02320,MG
cust_02321,PR
cust_02322,RJ
cust_02323,RJ
cust_02324,RJ
cust_02325,SP
cust_02326,RS
cust_02327,MG
cust_02328,SP
cust_02329,BA
cust_02330,PR
cust_02331,RS
cust_02332,MG
cust_02333,PR
cust_02334,PE
cust_02335,SP
cust_02336,RS
cust_02337,PR
cust_02338,BA
cust_02339,GO
cust_02340,BA
cust_02341,BA
cust_02342,PE
cust_02343,BA
cust_02344,PR
cust_02345,BA
cust_02346,RS
cust_02347,GO
cust_02348,MG
cust_02349,BA
cust_02350,SP
cust_02351,PE
cust_02352,RJ
cust_02353,SC
cust_02354,MG
cust_02355,SP
cust_02356,BA
cust_02357,BA
cust_02358,PE
cust_02359,PE
cust_02360,PR
cust_02361,DF
cust_02362,GO
cust_02363,SP
cust_02364,RS
cust_02365,BA
cust_02366,BA
cust_02367,GO
cust_02368,SC
cust_02369,PR
cust_02370,RJ
cust_02371,DF
cust_02372,PR
cust_02373,GO
cust_02374,DF
cust_02375,BA
cust_02376,RJ
cust_02377,SC
cust_02378,PR
cust_02379,BA
cust_02380,RS
cust_02381,RJ
cust_02382,PE
cust_02383,DF
cust_02384,SP
cust_02385,MG
cust_02386,PR
cust_02387,PE
cust_02388,MG
cust_02389,SC
cust_02390,MG
cust_02391,RS
cust_02392,PR
cust_02393,RS
cust_02394,MG
cust_02395,RJ
cust_02396,SC
cust_02397,PE
cust_02398,MG
cust_02399,RS
cust_02400,DF
cust_02401,RS
cust_02402,PR
cust_02403,RS
cust_02404,RJ
cust_02405,RS
cust_02406,MG
cust_02407,RS
cust_02408,PE
cust_02409,GO
cust_02410,RJ
cust_02411,RJ
cust_02412,RS
cust_02413,SC
cust_02414,DF
cust_02415,GO
cust_02416,SP
cust_02417,PE
cust_02418,DF
cust_02419,RJ
cust_02420,RS
cust_02421,MG
cust_02422,MG
cust_02423,RS
cust_02424,GO
cust_02425,SP
cust_02426,PR
cust_02427,DF
cust_02428,RJ
cust_02429,PE
cust_02430,BA
cust_02431,MG
cust_02432,PE
cust_02433,MG
cust_02434,PR
cust_02435,GO
cust_02436,PE
cust_02437,PR
cust_02438,RJ
cust_02439,SP
cust_02440,SP
cust_02441,SP
cust_02442,MG
cust_02443,SC
cust_02444,DF
cust_02445,GO
cust_02446,RJ
cust_02447,GO
cust_02448,DF
cust_02449,SC
cust_02450,MG
cust_02451,RS
cust_02452,PR
cust_02453,MG
cust_02454,PE
cust_02455,BA
cust_02456,RJ
cust_02457,SP
cust_02458,RJ
cust_02459,RS
cust_02460,MG
cust_02461,SC
cust_02462,PR
cust_02463,RS
cust_02464,RS
cust_02465,PE
cust_02466,SP
cust_02467,RS
cust_02468,MG
cust_02469,PE
cust_02470,GO
cust_02471,GO
cust_02472,SC
cust_02473,DF
cust_02474,DF
cust_02475,DF
cust_02476,MG
cust_02477,RS
cust_02478,MG
cust_02479,BA
cust_02480,PR
cust_02481,BA
cust_02482,SP
cust_02483,RJ
cust_02484,RS
cust_02485,DF
cust_02486,RS
cust_02487,MG
cust_02488,BA
cust_02489,DF
cust_02490,RJ
cust_02491,RS
cust_02492,GO
cust_02493,DF
cust_02494,GO
cust_02495,RS
cust_02496,SC
cust_02497,GO
cust_02498,PR
cust_02499,GO
cust_02500,BA
cust_02501,RJ
cust_02502,MG
cust_02503,SC
cust_02504,SC
cust_02505,GO
cust_02506,MG
cust_02507,PE
cust_02508,DF
cust_02509,PE
cust_02510,PR
cust_02511,DF
cust_02512,SC
cust_02513,PR
cust_02514,PE
cust_02515,RJ
cust_02516,PE
cust_02517,MG
cust_02518,MG
cust_02519,RJ
cust_02520,BA
cust_02521,RJ
cust_02522,GO
cust_02523,SP
cust_02524,PR
cust_02525,PR
cust_02526,RJ
cust_02527,DF
cust_02528,GO
cust_02529,DF
cust_02530,GO
cust_02531,RJ
cust_02532,RJ
cust_02533,DF
cust_02534,MG
cust_02535,BA
cust_02536,MG
cust_02537,PE
cust_02538,GO
cust_02539,RJ
cust_02540,DF
cust_02541,RS
cust_02542,RS
cust_02543,DF
cust_02544,DF
cust_02545,BA
cust_02546,SP
cust_02547,RS
cust_02548,RS
cust_02549,DF
cust_02550,RJ
cust_02551,GO
cust_02552,DF
cust_02553,MG
cust_02554,RJ
cust_02555,DF
cust_02556,DF
cust_02557,PR
cust_02558,PE
cust_02559,DF
cust_02560,GO
cust_02561,RS
cust_02562,SC
cust_02563,SP
cust_02564,SC
cust_02565,SP
cust_02566,RJ
cust_02567,RS
cust_02568,RJ
cust_02569,MG
cust_02570,BA
cust_02571,DF
cust_02572,MG
cust_02573,BA
cust_02574,PR
cust_02575,BA
cust_02576,RJ
cust_02577,PE
cust_02578,SC
cust_02579,SC
cust_02580,SP
cust_02581,DF
cust_02582,RJ
cust_02583,SP
cust_02584,RJ
cust_02585,BA
cust_02586,RJ
cust_02587,DF
cust_02588,BA
cust_02589,RS
cust_02590,SP
cust_02591,SP
cust_02592,BA
cust_02593,PR
cust_02594,BA
cust_02595,RS
cust_02596,RJ
cust_02597,GO
cust_02598,PR
cust_02599,DF
cust_02600,RJ
cust_02601,BA
cust_02602,MG
cust_02603,MG
cust_02604,PE
cust_02605,SP
cust_02606,SC
cust_02607,PR
cust_02608,DF
cust_02609,SP
cust_02610,DF
cust_02611,DF
cust_02612,MG
cust_02613,BA
cust_02614,GO
cust_02615,DF
cust_02616,RS
cust_02617,MG
cust_02618,RS
cust_02619,MG
cust_02620,SC
cust_02621,DF
cust_02622,SC
cust_02623,GO
cust_02624,DF
cust_02625,DF
cust_02626,DF
cust_02627,RS
cust_02628,PR
cust_02629,MG
cust_02630,GO
cust_02631,BA
cust_02632,DF
cust_02633,GO
cust_02634,PE
cust_02635,DF
cust_02636,BA
cust_02637,RJ
cust_02638,SC
cust_02639,PE
cust_02640,BA
cust_02641,PR
cust_02642,RJ
cust_02643,PR
cust_02644,MG
cust_02645,PE
cust_02646,RS
cust_02647,DF
cust_02648,DF
cust_02649,GO
cust_02650,MG
cust_02651,RS
cust_02652,RJ
cust_02653,SP
cust_02654,PR
cust_02655,RS
cust_02656,RS
cust_02657,PE
cust_02658,DF
cust_02659,SP
cust_02660,RS
cust_02661,MG
cust_02662,SC
cust_02663,RJ
cust_02664,DF
cust_02665,BA
cust_02666,GO
cust_02667,BA
cust_02668,DF
cust_02669,RS
cust_02670,PE
cust_02671,RS
cust_02672,RS
cust_02673,PR
cust_02674,PE
cust_02675,PE
cust_02676,SC
cust_02677,MG
cust_02678,RS
cust_02679,SC
cust_02680,SC
cust_02681,PR
cust_02682,GO
cust_02683,SP
cust_02684,SP
cust_02685,MG
cust_02686,GO
cust_02687,RJ
cust_02688,PE
cust_02689,DF
cust_02690,RS
cust_02691,GO
cust_02692,PR
cust_02693,PR
cust_02694,PR
cust_02695,MG
cust_02696,PR
cust_02697,RJ
cust_02698,SP
cust_02699,RS
cust_02700,RJ
cust_02701,PR
cust_02702,PR
cust_02703,SC
cust_02704,SP
cust_02705,PE
cust_02706,RJ
cust_02707,MG
cust_02708,DF
cust_02709,GO
cust_02710,SC
cust_02711,MG
cust_02712,DF
cust_02713,DF
cust_02714,BA
cust_02715,MG
cust_02716,RS
cust_02717,SP
cust_02718,GO
cust_02719,DF
cust_02720,SC
cust_02721,SC
cust_02722,SC
cust_02723,MG
cust_02724,SP
cust_02725,RS
cust_02726,MG
cust_02727,PE
cust_02728,SP
cust_02729,GO
cust_02730,SP
cust_02731,SC
cust_02732,GO
cust_02733,MG
cust_02734,PE
cust_02735,SP
cust_02736,MG
cust_02737,DF
cust_02738,MG
cust_02739,BA
cust_02740,PR
cust_02741,RJ
cust_02742,RS
cust_02743,SC
cust_02744,SC
cust_02745,GO
cust_02746,MG
cust_02747,PR
cust_02748,PR
cust_02749,RJ
cust_02750,DF
cust_02751,MG
cust_02752,PR
cust_02753,BA
cust_02754,GO
cust_02755,RJ
cust_02756,SC
cust_02757,SP
cust_02758,PR
cust_02759,DF
cust_02760,SC
cust_02761,DF
cust_02762,PE
cust_02763,MG
cust_02764,DF
cust_02765,PE
cust_02766,SP
cust_02767,PE
cust_02768,SC
cust_02769,DF
cust_02770,BA
cust_02771,RJ
cust_02772,PR
cust_02773,PE
cust_02774,SC
cust_02775,SP
cust_02776,SP
cust_02777,MG
cust_02778,MG
cust_02779,SC
cust_02780,RS
cust_02781,MG
cust_02782,PR
cust_02783,RJ
cust_02784,BA
cust_02785,SP
cust_02786,DF
cust_02787,PE
cust_02788,SP
cust_02789,BA
cust_02790,PR
cust_02791,SC
cust_02792,RS
cust_02793,MG
cust_02794,DF
cust_02795,RJ
cust_02796,PE
cust_02797,SC
cust_02798,DF
cust_02799,PR
cust_02800,SC
cust_02801,GO
cust_02802,BA
cust_02803,PR
cust_02804,GO
cust_02805,GO
cust_02806,SP
cust_02807,MG
cust_02808,DF
cust_02809,DF
cust_02810,PR
cust_02811,RS
cust_02812,DF
cust_02813,SP
cust_02814,SP
cust_02815,BA
cust_02816,SP
cust_02817,RJ
cust_02818,SP
cust_02819,DF
cust_02820,SP
cust_02821,DF
cust_02822,RJ
cust_02823,GO
cust_02824,RS
cust_02825,PR
cust_02826,RJ
cust_02827,MG
cust_02828,RJ
cust_02829,MG
cust_02830,PR
cust_02831,PR
cust_02832,BA
cust_02833,DF
cust_02834,SP
cust_02835,MG
cust_02836,SC
cust_02837,PR
cust_02838,SC
cust_02839,MG
cust_02840,RS
cust_02841,PE
cust_02842,RJ
cust_02843,SP
cust_02844,BA
cust_02845,SC
cust_02846,PE
cust_02847,BA
cust_02848,MG
cust_02849,PR
cust_02850,SC
cust_02851,RJ
cust_02852,SP
cust_02853,DF
cust_02854,PE
cust_02855,GO
cust_02856,BA
cust_02857,GO
cust_02858,PR
cust_02859,RJ
cust_02860,BA
cust_02861,SP
cust_02862,DF
cust_02863,BA
cust_02864,SC
cust_02865,PE
cust_02866,PR
cust_02867,BA
cust_02868,PR
cust_02869,MG
cust_02870,RJ
cust_02871,RJ
cust_02872,DF
cust_02873,RS
cust_02874,SC
cust_02875,RJ
cust_02876,RS
cust_02877,PR
cust_02878,DF
cust_02879,GO
cust_02880,SC
cust_02881,RS
cust_02882,RJ
cust_02883,DF
cust_02884,BA
cust_02885,RS
cust_02886,DF
cust_02887,BA
cust_02888,GO
cust_02889,MG
cust_02890,RS
cust_02891,PR
cust_02892,GO
cust_02893,GO
cust_02894,PR
cust_02895,BA
cust_02896,PR
cust_02897,RS
cust_02898,SC
cust_02899,DF
cust_02900,SP
cust_02901,MG
cust_02902,MG
cust_02903,SC
cust_02904,SC
cust_02905,DF
cust_02906,RJ
cust_02907,PE
cust_02908,PR
cust_02909,SP
cust_02910,GO
cust_02911,SP
cust_02912,GO
cust_02913,MG
cust_02914,RJ
cust_02915,RS
cust_02916,DF
cust_02917,GO
cust_02918,PR
cust_02919,RS
cust_02920,RJ
cust_02921,SC
cust_02922,PE
cust_02923,RJ
cust_02924,SP
cust_02925,PE
cust_02926,PE
cust_02927,PR
cust_02928,BA
cust_02929,SC
cust_02930,BA
cust_02931,RJ
cust_02932,GO
cust_02933,PE
cust_02934,GO
cust_02935,RJ
cust_02936,PR
cust_02937,MG
cust_02938,SC
cust_02939,PR
cust_02940,PR
cust_02941,DF
cust_02942,BA
cust_02943,DF
cust_02944,SC
cust_02945,PE
cust_02946,MG
cust_02947,PR
cust_02948,PR
cust_02949,PE
cust_02950,SC
cust_02951,RS
cust_02952,GO
cust_02953,PE
cust_02954,RJ
cust_02955,RS
cust_02956,SC
cust_02957,GO
cust_02958,DF
cust_02959,MG
cust_02960,PR
cust_02961,RJ
cust_02962,SP
cust_02963,RS
cust_02964,GO
cust_02965,PR
cust_02966,MG
cust_02967,MG
cust_02968,BA
cust_02969,SC
cust_02970,PR
cust_02971,RS
cust_02972,DF
cust_02973,RJ
cust_02974,PE
cust_02975,DF
cust_02976,GO
cust_02977,SC
cust_02978,BA
cust_02979,GO
cust_02980,RJ
cust_02981,GO
cust_02982,RJ
cust_02983,RJ
cust_02984,SP
cust_02985,RJ
cust_02986,BA
cust_02987,SP
cust_02988,BA
cust_02989,SP
cust_02990,MG
cust_02991,RS
cust_02992,GO
cust_02993,RJ
cust_02994,RS
cust_02995,RJ
cust_02996,MG
cust_02997,SC
cust_02998,PE
cust_02999,SC
